PLAYER_ID,SEASON,LEFT_WING_3_PCT,RIGHT_WING_3_PCT,CORNER_3_PCT_DETAIL
977,2014-15,0.31746031746031744,0.2727272727272727,0.5
1713,2014-15,0.2830188679245283,0.27722772277227725,0.38235294117647056
1717,2014-15,0.28169014084507044,0.45,0.36363636363636365
1718,2014-15,0.367816091954023,0.3173076923076923,0.423728813559322
1891,2014-15,0.3974358974358974,0.21621621621621623,0.4896551724137931
1938,2014-15,0.34615384615384615,0.3103448275862069,0.45454545454545453
2034,2014-15,0.4838709677419355,0.19230769230769232,0.35294117647058826
2037,2014-15,0.35294117647058826,0.2523364485981308,0.3611111111111111
2045,2014-15,0.46938775510204084,0.3902439024390244,0.5454545454545454
2202,2014-15,0.40625,0.2727272727272727,0.35
2207,2014-15,0.35398230088495575,0.38095238095238093,0.32989690721649484
2210,2014-15,0.37209302325581395,0.4444444444444444,0.4375
2225,2014-15,0.8571428571428571,0.4444444444444444,0.39705882352941174
2399,2014-15,0.44594594594594594,0.37373737373737376,0.4489795918367347
2400,2014-15,0.375,0.3333333333333333,0.5
2406,2014-15,0.42857142857142855,0.34615384615384615,0.4807692307692308
2419,2014-15,0.25,0.4444444444444444,0.5106382978723404
2440,2014-15,0.2826086956521739,0.410958904109589,0.37777777777777777
2446,2014-15,0.34615384615384615,0.3870967741935484,0.41
2544,2014-15,0.375,0.3431372549019608,0.36585365853658536
2546,2014-15,0.37037037037037035,0.3026315789473684,0.6470588235294118
2547,2014-15,0.41509433962264153,0.2857142857142857,0.35
2548,2014-15,0.28846153846153844,0.2857142857142857,0.3333333333333333
2550,2014-15,0.37777777777777777,0.2903225806451613,0.375
2555,2014-15,0.18181818181818182,0.3333333333333333,0.29411764705882354
2557,2014-15,0.1,0.34782608695652173,0.42857142857142855
2564,2014-15,0.38636363636363635,0.296875,0.15
2571,2014-15,0.34375,0.39285714285714285,0.45161290322580644
2581,2014-15,0.35294117647058826,0.3404255319148936,0.453125
2584,2014-15,0.29411764705882354,0.35,0.41304347826086957
2588,2014-15,0.3684210526315789,0.38095238095238093,0.35
2590,2014-15,0.33884297520661155,0.3617021276595745,0.3448275862068966
2592,2014-15,0.3617021276595745,0.43478260869565216,0.3114754098360656
2594,2014-15,0.4,0.5221238938053098,0.5350877192982456
2732,2014-15,0.2962962962962963,0.3870967741935484,0.5789473684210527
2734,2014-15,0.24489795918367346,0.39759036144578314,0.6041666666666666
2736,2014-15,0.24242424242424243,0.3064516129032258,0.43478260869565216
2738,2014-15,0.43478260869565216,0.36538461538461536,0.3170731707317073
2742,2014-15,0.3181818181818182,0.45454545454545453,0.3333333333333333
2746,2014-15,0.42857142857142855,0.19718309859154928,0.4339622641509434
2747,2014-15,0.3424657534246575,0.4108527131782946,0.40476190476190477
2748,2014-15,0.4,0.4666666666666667,0.3783783783783784
2749,2014-15,0.3106796116504854,0.2923076923076923,0.46153846153846156
2755,2014-15,0.32432432432432434,0.3939393939393939,0.5641025641025641
2757,2014-15,0.2962962962962963,0.15,0.36363636363636365
2772,2014-15,0.3177570093457944,0.33152173913043476,0.411214953271028
101107,2014-15,0.375,0.2545454545454545,0.4782608695652174
101108,2014-15,0.4274193548387097,0.37333333333333335,0.3541666666666667
101111,2014-15,0.4358974358974359,0.33962264150943394,0.34545454545454546
101112,2014-15,0.43333333333333335,0.425,0.3235294117647059
101114,2014-15,0.35185185185185186,0.358695652173913,0.4473684210526316
101122,2014-15,0.20833333333333334,0.48148148148148145,0.4
101123,2014-15,0.38461538461538464,0.3333333333333333,0.34545454545454546
101126,2014-15,0.2222222222222222,0.2777777777777778,0.3
101127,2014-15,0.21428571428571427,0.2608695652173913,0.46511627906976744
101139,2014-15,0.2345679012345679,0.3939393939393939,0.37168141592920356
101141,2014-15,0.390625,0.3888888888888889,0.48
101145,2014-15,0.2463768115942029,0.2391304347826087,0.3620689655172414
101150,2014-15,0.30057803468208094,0.26153846153846155,0.4807692307692308
101179,2014-15,0.3055555555555556,0.23333333333333334,0.3684210526315789
101181,2014-15,0.46296296296296297,0.3404255319148936,0.4827586206896552
101187,2014-15,0.2545454545454545,0.41304347826086957,0.4230769230769231
200746,2014-15,0.40540540540540543,0.2857142857142857,0.34375
200751,2014-15,0.38202247191011235,0.3333333333333333,0.3888888888888889
200752,2014-15,0.4,0.4307692307692308,0.34
200755,2014-15,0.41139240506329117,0.4491525423728814,0.44776119402985076
200757,2014-15,0.2727272727272727,0.3333333333333333,0.32558139534883723
200761,2014-15,0.475,0.30952380952380953,0.36363636363636365
200765,2014-15,0.3333333333333333,0.3684210526315789,0.36666666666666664
200768,2014-15,0.2981366459627329,0.3333333333333333,0.3333333333333333
200770,2014-15,0.5,0.27586206896551724,0.3181818181818182
200782,2014-15,0.2,0.40540540540540543,0.3670886075949367
200794,2014-15,0.4318181818181818,0.27692307692307694,0.4423076923076923
200826,2014-15,0.2765957446808511,0.3389830508474576,0.5172413793103449
201142,2014-15,0.37142857142857144,0.44,0.5333333333333333
201144,2014-15,0.35135135135135137,0.40594059405940597,0.4444444444444444
201145,2014-15,0.3372093023255814,0.25675675675675674,0.4146341463414634
201147,2014-15,0.2702702702702703,0.2962962962962963,0.26174496644295303
201150,2014-15,0.39655172413793105,0.3235294117647059,0.3
201152,2014-15,0.3611111111111111,0.20833333333333334,0.2631578947368421
201155,2014-15,0.46875,0.3333333333333333,0.45454545454545453
201156,2014-15,0.32894736842105265,0.3695652173913043,0.4444444444444444
201158,2014-15,0.40816326530612246,0.36486486486486486,0.4444444444444444
201162,2014-15,0.4,0.43661971830985913,0.38571428571428573
201163,2014-15,0.3563218390804598,0.34459459459459457,0.33663366336633666
201166,2014-15,0.39361702127659576,0.40217391304347827,0.34210526315789475
201167,2014-15,0.29850746268656714,0.39215686274509803,0.34615384615384615
201196,2014-15,0.18518518518518517,0.45454545454545453,0.36363636363636365
201228,2014-15,0.4461538461538462,0.4117647058823529,0.3404255319148936
201229,2014-15,0.30612244897959184,0.3409090909090909,0.41228070175438597
201564,2014-15,0.3333333333333333,0.2857142857142857,0.4251968503937008
201565,2014-15,0.2743362831858407,0.37681159420289856,0.3333333333333333
201566,2014-15,0.3020833333333333,0.3125,0.3125
201567,2014-15,0.4122137404580153,0.35064935064935066,0.37209302325581395
201568,2014-15,0.39215686274509803,0.2676056338028169,0.36231884057971014
201569,2014-15,0.40625,0.4953271028037383,0.42
201571,2014-15,0.3375,0.3114754098360656,0.3695652173913043
201573,2014-15,0.24,0.4074074074074074,0.2909090909090909
201583,2014-15,0.34782608695652173,0.3391304347826087,0.34545454545454546
201584,2014-15,0.3333333333333333,0.45652173913043476,0.3924050632911392
201586,2014-15,0.3770491803278688,0.38461538461538464,0.42105263157894735
201587,2014-15,0.29357798165137616,0.3333333333333333,0.3382352941176471
201588,2014-15,0.5957446808510638,0.20754716981132076,0.32558139534883723
201589,2014-15,0.3076923076923077,0.34375,0.15789473684210525
201596,2014-15,0.20634920634920634,0.2903225806451613,0.3723404255319149
201601,2014-15,0.4473684210526316,0.22972972972972974,0.3235294117647059
201609,2014-15,0.3783783783783784,0.27956989247311825,0.3411764705882353
201611,2014-15,0.5098039215686274,0.19230769230769232,0.23076923076923078
201627,2014-15,0.3170731707317073,0.4861111111111111,0.5042735042735043
201935,2014-15,0.2937062937062937,0.34536082474226804,0.47619047619047616
201936,2014-15,0.3541666666666667,0.28169014084507044,0.34
201937,2014-15,0.2222222222222222,0.3,0.08333333333333333
201939,2014-15,0.449438202247191,0.423963133640553,0.573170731707317
201942,2014-15,0.07692307692307693,0.0,0.3793103448275862
201943,2014-15,0.3188405797101449,0.3584905660377358,0.5
201945,2014-15,0.19444444444444445,0.3684210526315789,0.42028985507246375
201948,2014-15,0.44,0.125,0.5
201949,2014-15,0.1111111111111111,0.1875,0.28
201950,2014-15,0.3142857142857143,0.3548387096774194,0.3783783783783784
201951,2014-15,0.375,0.34285714285714286,0.4
201952,2014-15,0.3037974683544304,0.3333333333333333,0.32
201954,2014-15,0.2558139534883721,0.32,0.48
201956,2014-15,0.3,0.47368421052631576,0.38461538461538464
201960,2014-15,0.4225352112676056,0.32954545454545453,0.4411764705882353
201961,2014-15,0.34615384615384615,0.43902439024390244,0.2926829268292683
201973,2014-15,0.3157894736842105,0.29411764705882354,0.47368421052631576
201975,2014-15,0.4020618556701031,0.325,0.3617021276595745
201976,2014-15,0.31746031746031744,0.35514018691588783,0.3787878787878788
201977,2014-15,0.45161290322580644,0.4090909090909091,0.4166666666666667
201978,2014-15,0.34285714285714286,0.3404255319148936,0.36363636363636365
201980,2014-15,0.42718446601941745,0.3924050632911392,0.47058823529411764
201985,2014-15,0.2857142857142857,0.32,0.14285714285714285
201988,2014-15,0.375,0.3392857142857143,0.3673469387755102
202066,2014-15,0.42424242424242425,0.21428571428571427,0.3783783783783784
202083,2014-15,0.4117647058823529,0.35772357723577236,0.4
202322,2014-15,0.26,0.38461538461538464,0.2558139534883721
202323,2014-15,0.1724137931034483,0.3103448275862069,0.3170731707317073
202325,2014-15,0.3974358974358974,0.3548387096774194,0.36363636363636365
202329,2014-15,0.3333333333333333,0.20689655172413793,0.30158730158730157
202330,2014-15,0.3333333333333333,0.4152542372881356,0.42
202335,2014-15,0.3684210526315789,0.3333333333333333,0.4077669902912621
202337,2014-15,0.5161290322580645,0.45454545454545453,0.56
202339,2014-15,0.3815789473684211,0.28169014084507044,0.3333333333333333
202340,2014-15,0.30701754385964913,0.3333333333333333,0.3953488372093023
202344,2014-15,0.45454545454545453,0.3333333333333333,0.30303030303030304
202347,2014-15,0.2692307692307692,0.3142857142857143,0.47058823529411764
202349,2014-15,0.45161290322580644,0.3412698412698413,0.46938775510204084
202362,2014-15,0.1282051282051282,0.22727272727272727,0.1111111111111111
202388,2014-15,0.31746031746031744,0.32142857142857145,0.29411764705882354
202390,2014-15,0.26666666666666666,0.30434782608695654,0.23809523809523808
202391,2014-15,0.2916666666666667,0.3939393939393939,0.375
202397,2014-15,0.3333333333333333,0.3125,0.21428571428571427
202407,2014-15,0.2631578947368421,0.3333333333333333,0.375
202681,2014-15,0.35135135135135137,0.39344262295081966,0.49382716049382713
202682,2014-15,0.2459016393442623,0.25,0.3958333333333333
202688,2014-15,0.33884297520661155,0.4444444444444444,0.417910447761194
202689,2014-15,0.32967032967032966,0.2625,0.2692307692307692
202691,2014-15,0.43356643356643354,0.41450777202072536,0.5153846153846153
202692,2014-15,0.4090909090909091,0.42857142857142855,0.47058823529411764
202693,2014-15,0.2647058823529412,0.2826086956521739,0.25925925925925924
202694,2014-15,0.2765957446808511,0.4264705882352941,0.4056603773584906
202695,2014-15,0.375,0.2549019607843137,0.4473684210526316
202697,2014-15,0.3404255319148936,0.37735849056603776,0.31645569620253167
202699,2014-15,0.37142857142857144,0.26666666666666666,0.44660194174757284
202700,2014-15,0.5454545454545454,0.27586206896551724,0.3620689655172414
202703,2014-15,0.30952380952380953,0.30864197530864196,0.3404255319148936
202704,2014-15,0.21052631578947367,0.4339622641509434,0.2608695652173913
202708,2014-15,0.3333333333333333,0.3055555555555556,0.2830188679245283
202710,2014-15,0.37254901960784315,0.3561643835616438,0.4583333333333333
202711,2014-15,0.21153846153846154,0.34375,0.43478260869565216
202713,2014-15,0.3888888888888889,0.32,0.42424242424242425
202714,2014-15,0.3235294117647059,0.3181818181818182,0.47619047619047616
202718,2014-15,0.4351851851851852,0.38144329896907214,0.36363636363636365
202738,2014-15,0.40425531914893614,0.36220472440944884,0.4090909090909091
203078,2014-15,0.4222222222222222,0.42857142857142855,0.36231884057971014
203079,2014-15,0.2391304347826087,0.3050847457627119,0.33636363636363636
203081,2014-15,0.3333333333333333,0.366412213740458,0.3472222222222222
203082,2014-15,0.4,0.3282442748091603,0.39568345323741005
203084,2014-15,0.3191489361702128,0.35135135135135137,0.46956521739130436
203085,2014-15,0.2653061224489796,0.2571428571428571,0.3783783783783784
203086,2014-15,0.2916666666666667,0.4583333333333333,0.5769230769230769
203087,2014-15,0.29545454545454547,0.2647058823529412,0.26666666666666666
203090,2014-15,0.09090909090909091,0.18181818181818182,0.22580645161290322
203095,2014-15,0.4057971014492754,0.4383561643835616,0.34782608695652173
203096,2014-15,0.2542372881355932,0.2542372881355932,0.36363636363636365
203098,2014-15,0.23076923076923078,0.5,0.47058823529411764
203100,2014-15,0.2857142857142857,0.24074074074074073,0.2
203103,2014-15,0.125,0.4375,0.1875
203109,2014-15,0.3333333333333333,0.3220338983050847,0.2962962962962963
203110,2014-15,0.3220338983050847,0.29508196721311475,0.27586206896551724
203112,2014-15,0.45454545454545453,0.35294117647058826,0.25
203114,2014-15,0.32894736842105265,0.35185185185185186,0.5137614678899083
203115,2014-15,0.30434782608695654,0.17391304347826086,0.24
203118,2014-15,0.29411764705882354,0.39473684210526316,0.42105263157894735
203123,2014-15,0.25,0.18518518518518517,0.3181818181818182
203133,2014-15,0.16666666666666666,0.25,0.36
203138,2014-15,0.37623762376237624,0.46987951807228917,0.43103448275862066
203141,2014-15,0.3333333333333333,0.21212121212121213,0.5555555555555556
203142,2014-15,0.25,0.28888888888888886,0.3404255319148936
203143,2014-15,0.35294117647058826,0.3170731707317073,0.2962962962962963
203144,2014-15,0.275,0.42857142857142855,0.36363636363636365
203145,2014-15,0.3333333333333333,0.2631578947368421,0.421875
203148,2014-15,0.29411764705882354,0.3050847457627119,0.42857142857142855
203187,2014-15,0.30434782608695654,0.4,0.26
203200,2014-15,0.2857142857142857,0.24324324324324326,0.42857142857142855
203459,2014-15,0.3888888888888889,0.3333333333333333,0.4
203460,2014-15,0.18181818181818182,0.25,0.3191489361702128
203463,2014-15,0.28440366972477066,0.39805825242718446,0.41379310344827586
203468,2014-15,0.35714285714285715,0.43478260869565216,0.40425531914893614
203471,2014-15,0.3783783783783784,0.275,0.2
203477,2014-15,0.3434343434343434,0.3673469387755102,0.38461538461538464
203482,2014-15,0.3125,0.3275862068965517,0.3684210526315789
203484,2014-15,0.3125,0.3709677419354839,0.36752136752136755
203487,2014-15,0.28125,0.1935483870967742,0.21052631578947367
203490,2014-15,0.2857142857142857,0.47368421052631576,0.34782608695652173
203492,2014-15,0.375,0.36363636363636365,0.26
203496,2014-15,0.3203125,0.4235294117647059,0.40229885057471265
203498,2014-15,0.3125,0.5,0.4090909090909091
203499,2014-15,0.34210526315789475,0.35,0.2
203501,2014-15,0.4105263157894737,0.3783783783783784,0.27941176470588236
203503,2014-15,0.41818181818181815,0.2127659574468085,0.42105263157894735
203504,2014-15,0.27927927927927926,0.296,0.41333333333333333
203506,2014-15,0.3559322033898305,0.3037974683544304,0.34545454545454546
203508,2014-15,0.5,0.2,0.21739130434782608
203515,2014-15,0.13636363636363635,0.36,0.0
203516,2014-15,0.25,0.42857142857142855,0.3409090909090909
203521,2014-15,0.42105263157894735,0.45454545454545453,0.3090909090909091
203524,2014-15,0.35714285714285715,0.28205128205128205,0.375
203527,2014-15,0.2926829268292683,0.2571428571428571,0.53125
203544,2014-15,0.28846153846153844,0.39344262295081966,0.1875
203584,2014-15,0.3076923076923077,0.3548387096774194,0.4074074074074074
203798,2014-15,0.2727272727272727,0.3559322033898305,0.4166666666666667
203894,2014-15,0.3333333333333333,0.45454545454545453,0.3548387096774194
203897,2014-15,0.3076923076923077,0.30434782608695654,0.375
203900,2014-15,0.38461538461538464,0.06666666666666667,0.2962962962962963
203903,2014-15,0.20833333333333334,0.38461538461538464,0.3333333333333333
203909,2014-15,0.3333333333333333,0.22580645161290322,0.3225806451612903
203913,2014-15,0.3157894736842105,0.38095238095238093,0.3333333333333333
203914,2014-15,0.2647058823529412,0.23076923076923078,0.17142857142857143
203915,2014-15,0.15625,0.25,0.25
203917,2014-15,0.39285714285714285,0.3170731707317073,0.2894736842105263
203918,2014-15,0.38636363636363635,0.37735849056603776,0.2777777777777778
203921,2014-15,0.2962962962962963,0.22727272727272727,0.34615384615384615
203923,2014-15,0.30434782608695654,0.2962962962962963,0.15384615384615385
203924,2014-15,0.3333333333333333,0.21951219512195122,0.35555555555555557
203925,2014-15,0.375,0.38095238095238093,0.37777777777777777
203935,2014-15,0.3333333333333333,0.32051282051282054,0.4
203952,2014-15,0.28205128205128205,0.35,0.40625
203957,2014-15,0.28125,0.3246753246753247,0.33962264150943394
203960,2014-15,0.2727272727272727,0.21875,0.21739130434782608
204014,2014-15,0.39215686274509803,0.10714285714285714,0.5076923076923077
204038,2014-15,0.30357142857142855,0.39344262295081966,0.34615384615384615
204060,2014-15,0.36363636363636365,0.2807017543859649,0.4393939393939394
977,2015-16,0.27710843373493976,0.2916666666666667,0.3125
1713,2015-16,0.25,0.23255813953488372,0.3548387096774194
1717,2015-16,0.4222222222222222,0.3246753246753247,0.2972972972972973
1718,2015-16,0.3424657534246575,0.3108108108108108,0.23333333333333334
1891,2015-16,0.3114754098360656,0.4626865671641791,0.36752136752136755
1897,2015-16,0.36363636363636365,0.3,0.3235294117647059
1938,2015-16,0.3125,0.3898305084745763,0.5416666666666666
2034,2015-16,0.6,0.23529411764705882,0.4
2037,2015-16,0.23943661971830985,0.30337078651685395,0.41975308641975306
2200,2015-16,0.0,0.6,0.32
2207,2015-16,0.39622641509433965,0.36,0.411214953271028
2210,2015-16,0.39285714285714285,0.3125,0.4482758620689655
2225,2015-16,0.5714285714285714,1.0,0.35555555555555557
2399,2015-16,0.40625,0.4230769230769231,0.4090909090909091
2440,2015-16,0.358695652173913,0.26744186046511625,0.3047619047619048
2449,2015-16,0.4482758620689655,0.37037037037037035,0.4642857142857143
2544,2015-16,0.35877862595419846,0.25,0.24324324324324326
2546,2015-16,0.3047619047619048,0.3511450381679389,0.38235294117647056
2547,2015-16,0.3181818181818182,0.32,0.38333333333333336
2550,2015-16,0.22727272727272727,0.35714285714285715,0.47058823529411764
2564,2015-16,0.38095238095238093,0.4583333333333333,0.2
2571,2015-16,0.2857142857142857,0.36666666666666664,0.4857142857142857
2581,2015-16,0.3125,0.39473684210526316,0.45
2590,2015-16,0.41025641025641024,0.22727272727272727,0.3448275862068966
2592,2015-16,0.26666666666666666,0.3142857142857143,0.4782608695652174
2594,2015-16,0.3711340206185567,0.40594059405940597,0.45555555555555555
2734,2015-16,0.2857142857142857,0.28205128205128205,0.4153846153846154
2736,2015-16,0.36363636363636365,0.32653061224489793,0.3617021276595745
2738,2015-16,0.2631578947368421,0.35135135135135137,0.43333333333333335
2743,2015-16,0.3888888888888889,0.20833333333333334,0.2777777777777778
2746,2015-16,0.2413793103448276,0.3333333333333333,0.2857142857142857
2747,2015-16,0.3968253968253968,0.39705882352941174,0.4122137404580153
2749,2015-16,0.35714285714285715,0.26,0.25
2755,2015-16,0.2833333333333333,0.5,0.5
2756,2015-16,0.44642857142857145,0.2903225806451613,0.3125
2772,2015-16,0.3333333333333333,0.3262411347517731,0.4218009478672986
101107,2015-16,0.44761904761904764,0.2727272727272727,0.4485981308411215
101108,2015-16,0.415929203539823,0.3333333333333333,0.358974358974359
101109,2015-16,0.2807017543859649,0.2727272727272727,0.27906976744186046
101111,2015-16,0.2807017543859649,0.16393442622950818,0.35714285714285715
101112,2015-16,0.46,0.32142857142857145,0.37254901960784315
101114,2015-16,0.24675324675324675,0.3707865168539326,0.49056603773584906
101123,2015-16,0.2903225806451613,0.31666666666666665,0.33695652173913043
101127,2015-16,0.3333333333333333,0.3157894736842105,0.36
101139,2015-16,0.32989690721649484,0.40625,0.4603174603174603
101141,2015-16,0.36283185840707965,0.4262295081967213,0.35294117647058826
101145,2015-16,0.30434782608695654,0.21428571428571427,0.39325842696629215
101150,2015-16,0.3732394366197183,0.2777777777777778,0.34146341463414637
101179,2015-16,0.3157894736842105,0.3018867924528302,0.45454545454545453
101181,2015-16,0.358974358974359,0.42857142857142855,0.5
200751,2015-16,0.3048780487804878,0.25,0.30303030303030304
200752,2015-16,0.30952380952380953,0.3870967741935484,0.39344262295081966
200755,2015-16,0.4098360655737705,0.5258620689655172,0.5657894736842105
200757,2015-16,0.21428571428571427,0.24,0.4375
200765,2015-16,0.36363636363636365,0.32558139534883723,0.43333333333333335
200768,2015-16,0.40229885057471265,0.3463687150837989,0.46551724137931033
200782,2015-16,0.3333333333333333,0.3333333333333333,0.3424657534246575
200794,2015-16,0.36,0.3620689655172414,0.19047619047619047
200826,2015-16,0.4725274725274725,0.38666666666666666,0.34210526315789475
201142,2015-16,0.35106382978723405,0.37823834196891193,0.38095238095238093
201143,2015-16,0.4375,0.33962264150943394,0.2631578947368421
201144,2015-16,0.39344262295081966,0.34328358208955223,0.4146341463414634
201145,2015-16,0.2631578947368421,0.2857142857142857,0.33766233766233766
201147,2015-16,0.16216216216216217,0.4074074074074074,0.29285714285714287
201150,2015-16,0.2916666666666667,0.48,0.4230769230769231
201155,2015-16,0.2,0.4117647058823529,0.19444444444444445
201156,2015-16,0.2361111111111111,0.4,0.41818181818181815
201158,2015-16,0.29850746268656714,0.3181818181818182,0.41304347826086957
201162,2015-16,0.625,0.358974358974359,0.4915254237288136
201166,2015-16,0.3541666666666667,0.4696969696969697,0.375
201167,2015-16,0.41818181818181815,0.2962962962962963,0.44660194174757284
201196,2015-16,0.4146341463414634,0.15625,0.42857142857142855
201229,2015-16,0.34375,0.35714285714285715,0.38461538461538464
201564,2015-16,0.3018867924528302,0.2894736842105263,0.2608695652173913
201565,2015-16,0.3620689655172414,0.18181818181818182,0.30434782608695654
201566,2015-16,0.352,0.24731182795698925,0.2972972972972973
201567,2015-16,0.33548387096774196,0.3670886075949367,0.39855072463768115
201568,2015-16,0.35064935064935066,0.3717948717948718,0.36666666666666664
201569,2015-16,0.44047619047619047,0.41904761904761906,0.2708333333333333
201571,2015-16,0.30434782608695654,0.34615384615384615,0.5128205128205128
201573,2015-16,0.3469387755102041,0.4852941176470588,0.4583333333333333
201575,2015-16,0.3958333333333333,0.5,0.35294117647058826
201578,2015-16,0.38461538461538464,0.5,0.3333333333333333
201583,2015-16,0.35833333333333334,0.4444444444444444,0.31666666666666665
201584,2015-16,0.37254901960784315,0.4166666666666667,0.3170731707317073
201586,2015-16,0.2978723404255319,0.26666666666666666,0.35051546391752575
201587,2015-16,0.375886524822695,0.30578512396694213,0.37209302325581395
201588,2015-16,0.36363636363636365,0.463768115942029,0.4365079365079365
201589,2015-16,0.5,0.2894736842105263,0.36363636363636365
201596,2015-16,0.24489795918367346,0.4666666666666667,0.2564102564102564
201609,2015-16,0.21052631578947367,0.3972602739726027,0.26
201627,2015-16,0.29411764705882354,0.40384615384615385,0.38372093023255816
201935,2015-16,0.36363636363636365,0.350597609561753,0.28125
201936,2015-16,0.47619047619047616,0.36363636363636365,0.0
201937,2015-16,0.30337078651685395,0.3235294117647059,0.40540540540540543
201939,2015-16,0.48880597014925375,0.4154929577464789,0.49137931034482757
201942,2015-16,0.36,0.1875,0.43333333333333335
201943,2015-16,0.3170731707317073,0.3829787234042553,0.32142857142857145
201945,2015-16,0.2692307692307692,0.25806451612903225,0.4507042253521127
201949,2015-16,0.4,0.3333333333333333,0.2702702702702703
201950,2015-16,0.3253012048192771,0.3684210526315789,0.21212121212121213
201951,2015-16,0.35294117647058826,0.35294117647058826,0.36363636363636365
201952,2015-16,0.3695652173913043,0.4594594594594595,0.43333333333333335
201954,2015-16,0.417910447761194,0.35555555555555557,0.45454545454545453
201956,2015-16,0.44047619047619047,0.3194444444444444,0.43478260869565216
201960,2015-16,0.4418604651162791,0.3783783783783784,0.35714285714285715
201961,2015-16,0.3548387096774194,0.379746835443038,0.39325842696629215
201962,2015-16,0.4444444444444444,0.38461538461538464,0.5384615384615384
201967,2015-16,0.4090909090909091,0.21875,0.33636363636363636
201973,2015-16,0.4642857142857143,0.42857142857142855,0.40540540540540543
201976,2015-16,0.4166666666666667,0.3924050632911392,0.40458015267175573
201977,2015-16,0.36923076923076925,0.3020833333333333,0.38333333333333336
201978,2015-16,0.35714285714285715,0.19047619047619047,0.2702702702702703
201980,2015-16,0.3333333333333333,0.38144329896907214,0.3125
201988,2015-16,0.40229885057471265,0.36619718309859156,0.38095238095238093
202066,2015-16,0.2727272727272727,0.3389830508474576,0.3629032258064516
202083,2015-16,0.3228346456692913,0.3821656050955414,0.4166666666666667
202087,2015-16,0.0,0.3333333333333333,0.3018867924528302
202322,2015-16,0.3300970873786408,0.3620689655172414,0.3333333333333333
202323,2015-16,0.2857142857142857,0.11764705882352941,0.32558139534883723
202325,2015-16,0.22058823529411764,0.2711864406779661,0.4326241134751773
202326,2015-16,0.35384615384615387,0.3225806451612903,0.2857142857142857
202329,2015-16,0.3522727272727273,0.2894736842105263,0.3931034482758621
202330,2015-16,0.25663716814159293,0.3898305084745763,0.3939393939393939
202331,2015-16,0.3973509933774834,0.310126582278481,0.40714285714285714
202335,2015-16,0.4,0.3442622950819672,0.3728813559322034
202337,2015-16,0.4666666666666667,0.3684210526315789,0.28
202339,2015-16,0.3902439024390244,0.5142857142857142,0.17647058823529413
202340,2015-16,0.39705882352941174,0.4074074074074074,0.3188405797101449
202341,2015-16,0.25,0.18181818181818182,0.4117647058823529
202349,2015-16,0.25,0.2857142857142857,0.18181818181818182
202357,2015-16,0.375,0.3142857142857143,0.46153846153846156
202362,2015-16,0.5,0.42857142857142855,0.32
202388,2015-16,0.3448275862068966,0.3076923076923077,0.41379310344827586
202390,2015-16,0.3103448275862069,0.4166666666666667,0.42857142857142855
202391,2015-16,0.36065573770491804,0.32558139534883723,0.391304347826087
202397,2015-16,0.2619047619047619,0.3448275862068966,0.38095238095238093
202498,2015-16,0.45454545454545453,0.4375,0.4032258064516129
202681,2015-16,0.2823529411764706,0.3253012048192771,0.3728813559322034
202682,2015-16,0.26666666666666666,0.10344827586206896,0.39622641509433965
202688,2015-16,0.3252032520325203,0.3888888888888889,0.44
202689,2015-16,0.36,0.36363636363636365,0.4074074074074074
202691,2015-16,0.398876404494382,0.48034934497816595,0.4121212121212121
202692,2015-16,0.5714285714285714,0.1875,0.42857142857142855
202693,2015-16,0.3191489361702128,0.28125,0.3181818181818182
202694,2015-16,0.2972972972972973,0.4536082474226804,0.3191489361702128
202695,2015-16,0.4307692307692308,0.4358974358974359,0.4852941176470588
202697,2015-16,0.3888888888888889,0.23529411764705882,0.29508196721311475
202699,2015-16,0.36363636363636365,0.41509433962264153,0.3023255813953488
202700,2015-16,0.2,0.4375,0.14285714285714285
202703,2015-16,0.40425531914893614,0.41975308641975306,0.4444444444444444
202704,2015-16,0.3333333333333333,0.4375,0.375
202708,2015-16,0.14285714285714285,0.2727272727272727,0.45
202709,2015-16,0.13513513513513514,0.25,0.45714285714285713
202710,2015-16,0.36363636363636365,0.2682926829268293,0.37142857142857144
202711,2015-16,0.38202247191011235,0.3548387096774194,0.4172661870503597
202713,2015-16,0.2,0.5833333333333334,0.29508196721311475
202714,2015-16,0.1111111111111111,0.30303030303030304,0.4
202718,2015-16,0.4583333333333333,0.3815789473684211,0.5
202720,2015-16,0.21428571428571427,0.39285714285714285,0.23529411764705882
202734,2015-16,0.4666666666666667,0.375,0.4583333333333333
202738,2015-16,0.3584905660377358,0.3333333333333333,0.4852941176470588
203076,2015-16,0.34782608695652173,0.375,0.2916666666666667
203078,2015-16,0.35185185185185186,0.44,0.46808510638297873
203079,2015-16,0.29310344827586204,0.38181818181818183,0.3877551020408163
203081,2015-16,0.4117647058823529,0.3803680981595092,0.3783783783783784
203082,2015-16,0.4,0.3870967741935484,0.38235294117647056
203084,2015-16,0.3333333333333333,0.37209302325581395,0.37755102040816324
203085,2015-16,0.3157894736842105,0.3103448275862069,0.40476190476190477
203086,2015-16,0.4142857142857143,0.4,0.3448275862068966
203087,2015-16,0.3561643835616438,0.2413793103448276,0.34615384615384615
203090,2015-16,0.2,0.4,0.2714285714285714
203093,2015-16,0.3076923076923077,0.4,0.25
203094,2015-16,0.35,0.42424242424242425,0.42105263157894735
203095,2015-16,0.3939393939393939,0.45045045045045046,0.3855421686746988
203096,2015-16,0.24528301886792453,0.35,0.5
203098,2015-16,0.0,0.4166666666666667,0.4666666666666667
203109,2015-16,0.2978723404255319,0.34146341463414637,0.3373493975903614
203110,2015-16,0.38461538461538464,0.38181818181818183,0.4
203114,2015-16,0.3925925925925926,0.3978494623655914,0.42857142857142855
203115,2015-16,0.42105263157894735,0.31521739130434784,0.3404255319148936
203118,2015-16,0.4375,0.43478260869565216,0.2972972972972973
203138,2015-16,0.3089430894308943,0.3684210526315789,0.4596774193548387
203141,2015-16,0.41353383458646614,0.43448275862068964,0.3333333333333333
203143,2015-16,0.3023255813953488,0.2222222222222222,0.5
203145,2015-16,0.3728813559322034,0.2727272727272727,0.41025641025641024
203187,2015-16,0.17647058823529413,0.38461538461538464,0.27419354838709675
203200,2015-16,0.36363636363636365,0.36363636363636365,0.3684210526315789
203459,2015-16,0.345679012345679,0.453125,0.42696629213483145
203460,2015-16,0.125,0.2727272727272727,0.35443037974683544
203462,2015-16,0.13157894736842105,0.3333333333333333,0.13333333333333333
203463,2015-16,0.44680851063829785,0.3469387755102041,0.3466666666666667
203468,2015-16,0.42758620689655175,0.4074074074074074,0.4485981308411215
203471,2015-16,0.38596491228070173,0.26,0.34615384615384615
203477,2015-16,0.39215686274509803,0.3586206896551724,0.4019607843137255
203482,2015-16,0.32786885245901637,0.4246575342465753,0.6086956521739131
203484,2015-16,0.3178294573643411,0.24050632911392406,0.3584905660377358
203487,2015-16,0.22727272727272727,0.375,0.3333333333333333
203490,2015-16,0.36764705882352944,0.35384615384615387,0.37
203493,2015-16,0.4,0.4375,0.5
203496,2015-16,0.3615819209039548,0.3357664233576642,0.35294117647058826
203498,2015-16,0.10810810810810811,0.275,0.417910447761194
203499,2015-16,0.34375,0.48484848484848486,0.2727272727272727
203501,2015-16,0.34782608695652173,0.32432432432432434,0.3617021276595745
203503,2015-16,0.4117647058823529,0.40425531914893614,0.3055555555555556
203504,2015-16,0.3333333333333333,0.3783783783783784,0.3620689655172414
203506,2015-16,0.2878787878787879,0.288135593220339,0.4
203507,2015-16,0.21428571428571427,0.09090909090909091,0.34285714285714286
203516,2015-16,0.47368421052631576,0.3888888888888889,0.5625
203521,2015-16,0.3625,0.38461538461538464,0.5116279069767442
203524,2015-16,0.1111111111111111,0.35294117647058826,0.4444444444444444
203526,2015-16,0.43478260869565216,0.29411764705882354,0.43548387096774194
203530,2015-16,0.3076923076923077,0.16666666666666666,0.2
203546,2015-16,0.3870967741935484,0.25,0.32142857142857145
203552,2015-16,0.375,0.3870967741935484,0.6
203584,2015-16,0.45714285714285713,0.4473684210526316,0.6129032258064516
203798,2015-16,0.2948717948717949,0.2112676056338028,0.328125
203894,2015-16,0.3333333333333333,0.3870967741935484,0.23529411764705882
203897,2015-16,0.4,0.3829787234042553,0.46808510638297873
203900,2015-16,0.35294117647058826,0.21052631578947367,0.4358974358974359
203901,2015-16,0.3793103448275862,0.32,0.3076923076923077
203903,2015-16,0.3416666666666667,0.4358974358974359,0.30158730158730157
203914,2015-16,0.29545454545454547,0.43661971830985913,0.35185185185185186
203917,2015-16,0.2857142857142857,0.37349397590361444,0.35185185185185186
203918,2015-16,0.3826086956521739,0.35772357723577236,0.38613861386138615
203924,2015-16,0.14814814814814814,0.15384615384615385,0.2972972972972973
203926,2015-16,0.4657534246575342,0.4444444444444444,0.42105263157894735
203930,2015-16,0.23076923076923078,0.4230769230769231,0.39473684210526316
203932,2015-16,0.2702702702702703,0.3076923076923077,0.3333333333333333
203933,2015-16,0.375,0.4,0.4473684210526316
203935,2015-16,0.2777777777777778,0.2318840579710145,0.2
203952,2015-16,0.33783783783783783,0.22916666666666666,0.4
203960,2015-16,0.25,0.2,0.20689655172413793
203999,2015-16,0.18181818181818182,0.375,0.3076923076923077
204001,2015-16,0.3787878787878788,0.31746031746031744,0.32
204014,2015-16,0.4117647058823529,0.3076923076923077,0.25
204020,2015-16,0.2608695652173913,0.4375,0.5454545454545454
204038,2015-16,0.2903225806451613,0.3333333333333333,0.4666666666666667
204060,2015-16,0.36,0.37777777777777777,0.4936708860759494
204456,2015-16,0.25,0.4583333333333333,0.4375
1626144,2015-16,0.2616822429906542,0.3939393939393939,0.3157894736842105
1626145,2015-16,0.35294117647058826,0.18181818181818182,0.3
1626147,2015-16,0.14285714285714285,0.2631578947368421,0.2857142857142857
1626148,2015-16,0.14285714285714285,0.36363636363636365,0.3181818181818182
1626154,2015-16,0.3157894736842105,0.2,0.2916666666666667
1626156,2015-16,0.35658914728682173,0.35135135135135137,0.34545454545454546
1626157,2015-16,0.32142857142857145,0.5,0.2222222222222222
1626159,2015-16,0.2,0.5,0.26744186046511625
1626162,2015-16,0.46153846153846156,0.13043478260869565,0.2916666666666667
1626163,2015-16,0.35294117647058826,0.4375,0.2692307692307692
1626164,2015-16,0.36904761904761907,0.29347826086956524,0.3684210526315789
1626166,2015-16,0.48148148148148145,0.3,0.3548387096774194
1626168,2015-16,0.4,0.2916666666666667,0.43661971830985913
1626169,2015-16,0.19642857142857142,0.2571428571428571,0.38095238095238093
1626170,2015-16,0.2727272727272727,0.16666666666666666,0.45454545454545453
1626171,2015-16,0.2727272727272727,0.4,0.0
1626173,2015-16,0.375,0.3235294117647059,0.2571428571428571
1626181,2015-16,0.47058823529411764,0.23809523809523808,0.5
1626196,2015-16,0.40540540540540543,0.4230769230769231,0.5714285714285714
1626199,2015-16,0.4166666666666667,0.6,0.35
1626209,2015-16,0.29850746268656714,0.4166666666666667,0.4166666666666667
1626273,2015-16,0.2777777777777778,0.3888888888888889,0.1
1713,2016-17,0.42424242424242425,0.33766233766233766,0.35
1717,2016-17,0.4782608695652174,0.2391304347826087,0.38461538461538464
1891,2016-17,0.48484848484848486,0.5,0.3804347826086957
1938,2016-17,0.48484848484848486,0.35802469135802467,0.3076923076923077
2037,2016-17,0.3116883116883117,0.4125,0.36507936507936506
2200,2016-17,0.2727272727272727,0.5789473684210527,0.6875
2207,2016-17,0.3717948717948718,0.4067796610169492,0.43820224719101125
2210,2016-17,0.34375,0.27906976744186046,0.375
2216,2016-17,0.08333333333333333,0.21428571428571427,0.2857142857142857
2225,2016-17,0.2,0.4,0.3269230769230769
2399,2016-17,0.38461538461538464,0.42857142857142855,0.47619047619047616
2440,2016-17,0.2878787878787879,0.3103448275862069,0.4
2449,2016-17,0.0,0.5454545454545454,0.3888888888888889
2544,2016-17,0.3389830508474576,0.34328358208955223,0.375
2546,2016-17,0.38650306748466257,0.3263888888888889,0.425531914893617
2548,2016-17,0.328125,0.125,0.4583333333333333
2564,2016-17,0.24242424242424243,0.11764705882352941,0.42857142857142855
2571,2016-17,0.42857142857142855,0.30434782608695654,0.358974358974359
2592,2016-17,0.375,0.5263157894736842,0.5
2594,2016-17,0.4528301886792453,0.4375,0.5247524752475248
2734,2016-17,0.3125,0.2826086956521739,0.358974358974359
2736,2016-17,0.1951219512195122,0.25,0.3898305084745763
2738,2016-17,0.3888888888888889,0.3023255813953488,0.3717948717948718
2743,2016-17,0.2,0.5555555555555556,0.36363636363636365
2747,2016-17,0.2987012987012987,0.3372093023255814,0.45
2749,2016-17,0.42342342342342343,0.410958904109589,0.2857142857142857
2754,2016-17,0.0,0.2222222222222222,0.3157894736842105
2756,2016-17,0.375,0.25,0.23076923076923078
2772,2016-17,0.31683168316831684,0.33175355450236965,0.3877551020408163
101107,2016-17,0.29411764705882354,0.32222222222222224,0.367816091954023
101108,2016-17,0.36363636363636365,0.4125,0.4857142857142857
101109,2016-17,0.2,0.4166666666666667,0.5714285714285714
101112,2016-17,0.3787878787878788,0.42748091603053434,0.4230769230769231
101114,2016-17,,,
101123,2016-17,0.3611111111111111,0.375,0.3548387096774194
101139,2016-17,0.29292929292929293,0.43617021276595747,0.5076923076923077
101141,2016-17,0.3253968253968254,0.35964912280701755,0.4418604651162791
101145,2016-17,0.2571428571428571,0.30434782608695654,0.3090909090909091
101150,2016-17,0.33663366336633666,0.2894736842105263,0.4842105263157895
101161,2016-17,0.3333333333333333,0.6470588235294118,0.3333333333333333
101181,2016-17,0.42857142857142855,0.3157894736842105,0.14285714285714285
200746,2016-17,0.2222222222222222,0.3,0.43478260869565216
200751,2016-17,0.391304347826087,0.24193548387096775,0.42424242424242425
200752,2016-17,0.5172413793103449,0.32432432432432434,0.36363636363636365
200755,2016-17,0.4144736842105263,0.44370860927152317,0.4583333333333333
200757,2016-17,0.44,0.3448275862068966,0.3333333333333333
200765,2016-17,0.34615384615384615,0.32142857142857145,0.42424242424242425
200768,2016-17,0.46,0.3698630136986301,0.3023255813953488
200771,2016-17,0.3469387755102041,0.3783783783783784,0.5652173913043478
200782,2016-17,0.2,0.18181818181818182,0.39215686274509803
200794,2016-17,0.3541666666666667,0.288135593220339,0.43902439024390244
200826,2016-17,0.3333333333333333,0.47368421052631576,0.3
201142,2016-17,0.4691358024691358,0.33653846153846156,0.425
201143,2016-17,0.34545454545454546,0.39655172413793105,0.3684210526315789
201144,2016-17,0.41732283464566927,0.3931034482758621,0.44
201145,2016-17,0.36538461538461536,0.18181818181818182,0.3333333333333333
201147,2016-17,0.16666666666666666,0.25,0.25675675675675674
201150,2016-17,0.3,0.2727272727272727,0.5
201152,2016-17,0.3684210526315789,0.4,0.3448275862068966
201155,2016-17,0.1875,0.4444444444444444,0.35
201156,2016-17,0.35714285714285715,0.5053763440860215,0.4144144144144144
201158,2016-17,0.4444444444444444,0.3368421052631579,0.4666666666666667
201160,2016-17,0.6,0.45454545454545453,0.4722222222222222
201162,2016-17,0.41379310344827586,0.4358974358974359,0.21951219512195122
201163,2016-17,0.36619718309859156,0.3211009174311927,0.2839506172839506
201166,2016-17,0.2903225806451613,0.47368421052631576,0.4
201167,2016-17,0.358974358974359,0.32432432432432434,0.5172413793103449
201188,2016-17,0.3939393939393939,0.3829787234042553,0.3333333333333333
201196,2016-17,0.3157894736842105,0.23529411764705882,0.46153846153846156
201228,2016-17,0.35135135135135137,0.3333333333333333,0.20689655172413793
201229,2016-17,0.43137254901960786,0.37662337662337664,0.40298507462686567
201565,2016-17,0.0,0.23076923076923078,0.45454545454545453
201566,2016-17,0.35795454545454547,0.3111111111111111,0.4090909090909091
201567,2016-17,0.3025210084033613,0.43209876543209874,0.41379310344827586
201568,2016-17,0.4,0.3448275862068966,0.4262295081967213
201569,2016-17,0.34946236559139787,0.3619402985074627,0.35555555555555557
201571,2016-17,0.32941176470588235,0.3783783783783784,0.3584905660377358
201572,2016-17,0.40869565217391307,0.2903225806451613,0.43636363636363634
201575,2016-17,0.16666666666666666,0.391304347826087,0.42105263157894735
201578,2016-17,0.35,0.41025641025641024,0.47058823529411764
201583,2016-17,0.3660130718954248,0.3604060913705584,0.5416666666666666
201584,2016-17,0.3392857142857143,0.39705882352941174,0.44642857142857145
201586,2016-17,0.3394495412844037,0.4479166666666667,0.16666666666666666
201587,2016-17,0.36879432624113473,0.35185185185185186,0.32432432432432434
201588,2016-17,0.3958333333333333,0.4125,0.4262295081967213
201589,2016-17,0.4230769230769231,0.48148148148148145,0.4642857142857143
201601,2016-17,0.6,0.3333333333333333,0.4186046511627907
201609,2016-17,0.4444444444444444,0.40594059405940597,0.421875
201627,2016-17,,,
201933,2016-17,,,
201935,2016-17,,,
201936,2016-17,,,
201937,2016-17,0.3283582089552239,0.3488372093023256,0.29310344827586204
201939,2016-17,0.4778761061946903,0.40585774058577406,0.45132743362831856
201942,2016-17,0.1724137931034483,0.2916666666666667,0.4
201943,2016-17,0.2857142857142857,0.2857142857142857,0.3695652173913043
201945,2016-17,0.25,0.34615384615384615,0.36538461538461536
201949,2016-17,0.3333333333333333,0.3380281690140845,0.39325842696629215
201950,2016-17,0.32038834951456313,0.4057971014492754,0.41025641025641024
201951,2016-17,0.2647058823529412,0.21875,0.4
201952,2016-17,0.27848101265822783,0.3968253968253968,0.3333333333333333
201954,2016-17,0.375,0.41935483870967744,0.56
201960,2016-17,0.33,0.30612244897959184,0.3867924528301887
201961,2016-17,0.30327868852459017,0.4065040650406504,0.42105263157894735
201967,2016-17,0.375,0.32,0.3984375
201973,2016-17,0.4117647058823529,0.2962962962962963,0.34545454545454546
201975,2016-17,0.4482758620689655,0.3333333333333333,0.47368421052631576
201976,2016-17,0.41935483870967744,0.35789473684210527,0.3894736842105263
201977,2016-17,0.4090909090909091,0.4166666666666667,0.2
201980,2016-17,0.34782608695652173,0.3829787234042553,0.43
201988,2016-17,0.4065934065934066,0.3764705882352941,0.46153846153846156
202066,2016-17,0.46551724137931033,0.3877551020408163,0.2976190476190476
202083,2016-17,0.39552238805970147,0.31736526946107785,0.4175824175824176
202322,2016-17,0.27419354838709675,0.3592233009708738,0.25925925925925924
202323,2016-17,0.2727272727272727,0.15384615384615385,0.3148148148148148
202325,2016-17,0.3333333333333333,0.15,0.2765957446808511
202326,2016-17,0.3697478991596639,0.29069767441860467,0.2727272727272727
202329,2016-17,0.2641509433962264,0.3,0.358974358974359
202330,2016-17,0.3465346534653465,0.421875,0.40384615384615385
202331,2016-17,0.3697478991596639,0.423841059602649,0.4056603773584906
202335,2016-17,0.26666666666666666,0.3584905660377358,0.41
202337,2016-17,0.4666666666666667,0.32608695652173914,0.421875
202339,2016-17,0.37735849056603776,0.3465346534653465,0.2916666666666667
202340,2016-17,0.32989690721649484,0.4339622641509434,0.39285714285714285
202344,2016-17,0.3,0.3157894736842105,0.25
202348,2016-17,0.43902439024390244,0.3333333333333333,0.25
202357,2016-17,0.3559322033898305,0.18421052631578946,0.3783783783783784
202391,2016-17,0.35714285714285715,0.3770491803278688,0.2857142857142857
202397,2016-17,0.35,0.11764705882352941,0.4166666666666667
202498,2016-17,0.4,0.5454545454545454,0.4634146341463415
202681,2016-17,0.40310077519379844,0.44966442953020136,0.3870967741935484
202682,2016-17,0.42105263157894735,0.25925925925925924,0.30952380952380953
202688,2016-17,0.40425531914893614,0.25806451612903225,0.3142857142857143
202689,2016-17,0.45454545454545453,0.4056603773584906,0.5
202691,2016-17,0.4041095890410959,0.4315352697095436,0.43333333333333335
202692,2016-17,0.1875,0.3684210526315789,0.39285714285714285
202693,2016-17,0.3157894736842105,0.3584905660377358,0.3230769230769231
202694,2016-17,0.30927835051546393,0.32167832167832167,0.43636363636363634
202695,2016-17,0.2604166666666667,0.44680851063829785,0.4603174603174603
202696,2016-17,0.16666666666666666,0.08333333333333333,0.2
202697,2016-17,0.423728813559322,0.22857142857142856,0.3893805309734513
202699,2016-17,0.3372093023255814,0.36619718309859156,0.34146341463414637
202703,2016-17,0.37719298245614036,0.26582278481012656,0.43956043956043955
202704,2016-17,0.3050847457627119,0.46938775510204084,0.28
202709,2016-17,0.3142857142857143,0.35135135135135137,0.35714285714285715
202710,2016-17,0.38095238095238093,0.2956521739130435,0.5526315789473685
202711,2016-17,0.36,0.3770491803278688,0.43157894736842106
202714,2016-17,0.4090909090909091,0.2631578947368421,0.26666666666666666
202718,2016-17,0.15789473684210525,0.2727272727272727,0.4375
202720,2016-17,0.28125,0.25,0.2894736842105263
202722,2016-17,0.3137254901960784,0.36666666666666664,0.4722222222222222
202734,2016-17,0.38235294117647056,0.2765957446808511,0.4
202738,2016-17,0.3475177304964539,0.3903345724907063,0.42528735632183906
203076,2016-17,0.3023255813953488,0.28888888888888886,0.2727272727272727
203078,2016-17,0.36363636363636365,0.4472049689440994,0.4431818181818182
203079,2016-17,0.3783783783783784,0.3181818181818182,0.5357142857142857
203081,2016-17,0.3224489795918367,0.3770491803278688,0.5714285714285714
203082,2016-17,0.34782608695652173,0.3546099290780142,0.3488372093023256
203084,2016-17,0.43137254901960786,0.2777777777777778,0.328125
203085,2016-17,0.4148936170212766,0.36,0.39344262295081966
203086,2016-17,0.30357142857142855,0.39215686274509803,0.4444444444444444
203087,2016-17,0.425531914893617,0.24390243902439024,0.13793103448275862
203090,2016-17,0.37777777777777777,0.37209302325581395,0.3
203093,2016-17,0.125,0.36666666666666664,0.0
203095,2016-17,0.36904761904761907,0.34782608695652173,0.36764705882352944
203109,2016-17,0.3761467889908257,0.3475177304964539,0.46236559139784944
203110,2016-17,0.32098765432098764,0.29310344827586204,0.3684210526315789
203112,2016-17,0.4375,0.42857142857142855,0.36
203114,2016-17,0.38461538461538464,0.48484848484848486,0.4375
203115,2016-17,0.4,0.3333333333333333,0.2647058823529412
203120,2016-17,0.2916666666666667,0.3684210526315789,0.29577464788732394
203138,2016-17,0.3,0.25,0.358974358974359
203141,2016-17,0.38095238095238093,0.3194444444444444,0.34375
203145,2016-17,0.3181818181818182,0.3472222222222222,0.4
203200,2016-17,0.2923076923076923,0.3068181818181818,0.47368421052631576
203210,2016-17,0.2916666666666667,0.3333333333333333,0.40476190476190477
203459,2016-17,0.4895833333333333,0.3918918918918919,0.4235294117647059
203460,2016-17,0.15789473684210525,0.28125,0.23529411764705882
203463,2016-17,0.4222222222222222,0.30612244897959184,0.42592592592592593
203468,2016-17,0.4253731343283582,0.3418803418803419,0.42028985507246375
203471,2016-17,0.32941176470588235,0.3333333333333333,0.5
203477,2016-17,0.15384615384615385,0.2962962962962963,0.27586206896551724
203482,2016-17,0.3488372093023256,0.3492063492063492,0.5625
203484,2016-17,0.3879781420765027,0.3563218390804598,0.4605263157894737
203487,2016-17,0.3,0.09090909090909091,0.2962962962962963
203488,2016-17,0.3076923076923077,0.43478260869565216,0.4411764705882353
203490,2016-17,0.4375,0.44086021505376344,0.4244604316546763
203493,2016-17,0.46153846153846156,0.3125,0.4
203496,2016-17,0.3375,0.32167832167832167,0.3076923076923077
203498,2016-17,0.35714285714285715,0.23333333333333334,0.4067796610169492
203501,2016-17,0.3,0.35664335664335667,0.4142857142857143
203503,2016-17,0.44086021505376344,0.4583333333333333,0.38620689655172413
203504,2016-17,0.36363636363636365,0.5454545454545454,0.6666666666666666
203506,2016-17,0.3333333333333333,0.4,0.43636363636363634
203507,2016-17,0.24390243902439024,0.45161290322580644,0.22727272727272727
203516,2016-17,0.37142857142857144,0.2903225806451613,0.41379310344827586
203518,2016-17,0.3375,0.4262295081967213,0.4067796610169492
203521,2016-17,0.34285714285714286,0.42105263157894735,0.36363636363636365
203524,2016-17,0.32989690721649484,0.3275862068965517,0.3854166666666667
203530,2016-17,0.36363636363636365,0.38461538461538464,0.42857142857142855
203546,2016-17,0.3888888888888889,0.4375,0.3333333333333333
203552,2016-17,0.35051546391752575,0.4563106796116505,0.4794520547945205
203584,2016-17,0.4065040650406504,0.3089430894308943,0.54
203585,2016-17,0.3191489361702128,0.34146341463414637,0.34710743801652894
203613,2016-17,0.4166666666666667,0.2857142857142857,0.3076923076923077
203894,2016-17,0.4473684210526316,0.18181818181818182,0.3333333333333333
203895,2016-17,0.3333333333333333,0.18181818181818182,0.42857142857142855
203897,2016-17,0.37142857142857144,0.3382352941176471,0.4383561643835616
203898,2016-17,0.4074074074074074,0.4,0.0
203901,2016-17,0.28205128205128205,0.23684210526315788,0.3333333333333333
